{
  "generation": {
    "average_time_per_token_ms": 16.729084014892578,
    "average_tokens_per_run": 127.0,
    "generated_tokens": 635,
    "tokens_per_second": 59.7761344909668,
    "total_runs": 5
  },
  "multimodal": {
    "average_time_per_token_ms": 0.0,
    "total_audio_tokens": 0,
    "total_audios": 0,
    "total_image_tokens": 2470,
    "total_images": 5,
    "total_multimodal_tokens": 2470,
    "total_runs": 5
  },
  "peak_unified_memory_bytes": 4553863168,
  "peak_unified_memory_mb": 4342.90234375,
  "prefill": {
    "average_time_per_run_ms": 210.84738159179688,
    "average_time_per_token_ms": 0.41181129217147827,
    "average_tokens_per_run": 512.0,
    "computed_tokens": 2560,
    "reused_tokens": 0,
    "tokens_per_second": 2428.296630859375,
    "total_runs": 5
  },
  "stages": [
    {
      "average_time_per_run_ms": 208.022216796875,
      "gpu_time_stats": {
        "count": 5,
        "max_ms": 208.6084747314453,
        "mean_ms": 208.0222137451172,
        "median_ms": 207.9100799560547,
        "min_ms": 207.59487915039063,
        "p95_ms": 208.6084747314453,
        "p99_ms": 208.6084747314453,
        "stddev_ms": 0.35222001543694315
      },
      "stage_id": "vision_encoder",
      "total_gpu_time_ms": 1040.111083984375,
      "total_runs": 5
    },
    {
      "average_time_per_run_ms": 2124.59375,
      "gpu_time_stats": {
        "count": 5,
        "max_ms": 2126.959228515625,
        "mean_ms": 2124.593798828125,
        "median_ms": 2125.21826171875,
        "min_ms": 2122.435546875,
        "p95_ms": 2126.959228515625,
        "p99_ms": 2126.959228515625,
        "stddev_ms": 1.6866335049989183
      },
      "stage_id": "llm_generation",
      "total_gpu_time_ms": 10622.96875,
      "total_runs": 5
    },
    {
      "average_time_per_run_ms": 210.84738159179688,
      "gpu_time_stats": {
        "count": 5,
        "max_ms": 211.0142059326172,
        "mean_ms": 210.84738464355468,
        "median_ms": 210.84906005859375,
        "min_ms": 210.59808349609375,
        "p95_ms": 211.0142059326172,
        "p99_ms": 211.0142059326172,
        "stddev_ms": 0.1408682551761084
      },
      "stage_id": "llm_prefill",
      "total_gpu_time_ms": 1054.2369384765625,
      "total_runs": 5
    }
  ]
}