{
  "generation": {
    "average_time_per_token_ms": 16.061357498168945,
    "average_tokens_per_run": 83.0,
    "generated_tokens": 415,
    "tokens_per_second": 62.26123809814453,
    "total_runs": 5
  },
  "peak_unified_memory_bytes": 4540526592,
  "peak_unified_memory_mb": 4330.18359375,
  "prefill": {
    "average_time_per_run_ms": 29.279296875,
    "average_time_per_token_ms": 1.541015625,
    "average_tokens_per_run": 19.0,
    "computed_tokens": 95,
    "reused_tokens": 0,
    "tokens_per_second": 648.9226684570313,
    "total_runs": 5
  },
  "stages": [
    {
      "average_time_per_run_ms": 1333.0926513671875,
      "gpu_time_stats": {
        "count": 5,
        "max_ms": 1334.2730712890625,
        "mean_ms": 1333.092626953125,
        "median_ms": 1333.1273193359375,
        "min_ms": 1331.825927734375,
        "p95_ms": 1334.2730712890625,
        "p99_ms": 1334.2730712890625,
        "stddev_ms": 0.7802469008878293
      },
      "stage_id": "llm_generation",
      "total_gpu_time_ms": 6665.46337890625,
      "total_runs": 5
    },
    {
      "average_time_per_run_ms": 29.279296875,
      "gpu_time_stats": {
        "count": 5,
        "max_ms": 29.32022476196289,
        "mean_ms": 29.279296112060546,
        "median_ms": 29.28326416015625,
        "min_ms": 29.232799530029297,
        "p95_ms": 29.32022476196289,
        "p99_ms": 29.32022476196289,
        "stddev_ms": 0.03422684340602802
      },
      "stage_id": "llm_prefill",
      "total_gpu_time_ms": 146.396484375,
      "total_runs": 5
    }
  ]
}