{
  "generation": {
    "average_time_per_token_ms": 16.085819244384766,
    "average_tokens_per_run": 83.0,
    "generated_tokens": 415,
    "tokens_per_second": 62.16655731201172,
    "total_runs": 5
  },
  "peak_unified_memory_bytes": 4540256256,
  "peak_unified_memory_mb": 4329.92578125,
  "prefill": {
    "average_time_per_run_ms": 29.273738861083984,
    "average_time_per_token_ms": 1.5407230854034424,
    "average_tokens_per_run": 19.0,
    "computed_tokens": 95,
    "reused_tokens": 0,
    "tokens_per_second": 649.0458984375,
    "total_runs": 5
  },
  "stages": [
    {
      "average_time_per_run_ms": 1335.1229248046875,
      "gpu_time_stats": {
        "count": 5,
        "max_ms": 1335.4154052734375,
        "mean_ms": 1335.12294921875,
        "median_ms": 1335.2366943359375,
        "min_ms": 1334.8411865234375,
        "p95_ms": 1335.4154052734375,
        "p99_ms": 1335.4154052734375,
        "stddev_ms": 0.2358280205774098
      },
      "stage_id": "llm_generation",
      "total_gpu_time_ms": 6675.61474609375,
      "total_runs": 5
    },
    {
      "average_time_per_run_ms": 29.273738861083984,
      "gpu_time_stats": {
        "count": 5,
        "max_ms": 29.362239837646484,
        "mean_ms": 29.273740768432617,
        "median_ms": 29.261503219604492,
        "min_ms": 29.22812843322754,
        "p95_ms": 29.362239837646484,
        "p99_ms": 29.362239837646484,
        "stddev_ms": 0.046257798696217545
      },
      "stage_id": "llm_prefill",
      "total_gpu_time_ms": 146.3686981201172,
      "total_runs": 5
    }
  ]
}